{"count":1,"self":505.35864319999996,"total":1461.447269,"children":{"AgentSendState":{"count":470234,"self":71.05872,"total":274.721468,"children":{"CollectObservations":{"count":1504752,"self":21.3390736,"total":21.339073,"children":null},"CollectDiscreteActionMasks":{"count":1504752,"self":15.4634208,"total":15.463420999999999,"children":null},"AgentInfo.ToProto":{"count":1504752,"self":35.019183999999996,"total":166.860257,"children":{"GenerateSensorData":{"count":1504752,"self":68.649024,"total":131.841074,"children":{"RayPerceptionSensor.Perceive":{"count":1504752,"self":63.1920448,"total":63.192046999999995,"children":null}}}}}}},"DecideAction":{"count":470234,"self":663.6637184,"total":663.663744,"children":null},"AgentAct":{"count":470234,"self":16.8244608,"total":16.888647,"children":{"AgentInfo.ToProto":{"count":494,"self":0.013196999999999999,"total":0.064185999999999993,"children":{"GenerateSensorData":{"count":494,"self":0.024659999999999998,"total":0.050989,"children":{"RayPerceptionSensor.Perceive":{"count":494,"self":0.026328999999999998,"total":0.026328999999999998,"children":null}}}}}}},"AgentInfo.ToProto":{"count":5689,"self":0.18358,"total":0.813676,"children":{"GenerateSensorData":{"count":5689,"self":0.29912299999999997,"total":0.630096,"children":{"RayPerceptionSensor.Perceive":{"count":5689,"self":0.33097299999999996,"total":0.33097299999999996,"children":null}}}}}},"gauges":{"RocketBehaviour.CumulativeReward":{"count":6183,"max":5.06239653,"min":-8.063653,"runningAverage":-0.217088178,"value":0.8272326,"weightedAverage":0.245249927}},"metadata":{"timer_format_version":"0.1.0","start_time_seconds":"1614705862","unity_version":"2019.4.20f1","command_line_arguments":"\/Applications\/Unity\/Hub\/Editor\/2019.4.20f1\/Unity.app\/Contents\/MacOS\/Unity -projectpath \/Users\/andy\/Projects\/Uni\/PEM-KI\/pem-ki\/unity\/iRocketLanding24 (1) -useHub -hubIPC -cloudEnvironment production -hubSessionId 3cacf9d0-7b3e-11eb-bbc4-cdacd054325b -accessToken pXFYh1tBGrhRFMp7F-K_tcik9bdVwPG7Icf-mpAL8Ek008f","communication_protocol_version":"1.0.0","com.unity.ml-agents_version":"1.0.6","scene_name":"","end_time_seconds":"1614707323"}}