{"count":1,"self":1188.6989311999998,"total":2976.3994089999997,"children":{"AgentSendState":{"count":599934,"self":116.04060159999999,"total":468.22214599999995,"children":{"CollectObservations":{"count":1919792,"self":36.0180544,"total":36.018056,"children":null},"CollectDiscreteActionMasks":{"count":1919792,"self":25.1047872,"total":25.104786999999998,"children":null},"AgentInfo.ToProto":{"count":1919792,"self":56.4609216,"total":291.058706,"children":{"GenerateSensorData":{"count":1919792,"self":124.56925439999999,"total":234.59778599999999,"children":{"RayPerceptionSensor.Perceive":{"count":3839584,"self":110.02853119999999,"total":110.028534,"children":null}}}}}}},"DecideAction":{"count":599934,"self":1290.0482048,"total":1290.048161,"children":null},"AgentAct":{"count":599934,"self":27.8691008,"total":27.967931999999998,"children":{"AgentInfo.ToProto":{"count":544,"self":0.018098,"total":0.098831,"children":{"GenerateSensorData":{"count":544,"self":0.041696,"total":0.080733,"children":{"RayPerceptionSensor.Perceive":{"count":1088,"self":0.039036999999999995,"total":0.039036999999999995,"children":null}}}}}}},"AgentInfo.ToProto":{"count":7833,"self":0.30217299999999997,"total":1.461207,"children":{"GenerateSensorData":{"count":7833,"self":0.56831999999999994,"total":1.159034,"children":{"RayPerceptionSensor.Perceive":{"count":15666,"self":0.590714,"total":0.590714,"children":null}}}}}},"gauges":{"RocketBehaviour.CumulativeReward":{"count":8377,"max":7.961856,"min":-12.3667669,"runningAverage":1.22392988,"value":-0.109252572,"weightedAverage":-0.0573809743}},"metadata":{"timer_format_version":"0.1.0","start_time_seconds":"1614782066","unity_version":"2019.4.20f1","command_line_arguments":"\/Applications\/Unity\/Hub\/Editor\/2019.4.20f1\/Unity.app\/Contents\/MacOS\/Unity -projectpath \/Users\/andy\/Projects\/Uni\/PEM-KI\/pem-ki\/unity\/iRocketLanding24 (1) -useHub -hubIPC -cloudEnvironment production -hubSessionId 2b0b2e40-7ba7-11eb-b1cd-d16254000c04 -accessToken H-dMXxVsvmNliVa5h9Rn-qpuzj5_fwDEM63v56DxdlQ008f","communication_protocol_version":"1.0.0","com.unity.ml-agents_version":"1.0.6","scene_name":"Training X16 Scene","end_time_seconds":"1614785042"}}