{
    "name": "root",
    "gauges": {
        "RocketBehaviour.Policy.Entropy.mean": {
            "value": 0.9016894698143005,
            "min": 0.9012975096702576,
            "max": 1.05283784866333,
            "count": 153
        },
        "RocketBehaviour.Policy.Entropy.sum": {
            "value": 4241.54736328125,
            "min": 4241.54736328125,
            "max": 5448.666015625,
            "count": 153
        },
        "RocketBehaviour.Policy.ExtrinsicValueEstimate.mean": {
            "value": -0.2399386614561081,
            "min": -0.31203001737594604,
            "max": 0.12721236050128937,
            "count": 153
        },
        "RocketBehaviour.Policy.ExtrinsicValueEstimate.sum": {
            "value": -20.154848098754883,
            "min": -26.877552032470703,
            "max": 10.558626174926758,
            "count": 153
        },
        "RocketBehaviour.Losses.PolicyLoss.mean": {
            "value": 0.07781978256922836,
            "min": 0.06370568933780306,
            "max": 0.08838300899292031,
            "count": 153
        },
        "RocketBehaviour.Losses.PolicyLoss.sum": {
            "value": 0.31127913027691345,
            "min": 0.25482275735121224,
            "max": 0.44191504496460154,
            "count": 153
        },
        "RocketBehaviour.Losses.ValueLoss.mean": {
            "value": 0.002290742154824935,
            "min": 0.000392714341263248,
            "max": 0.05137077070702094,
            "count": 153
        },
        "RocketBehaviour.Losses.ValueLoss.sum": {
            "value": 0.00916296861929974,
            "min": 0.0019635717063162398,
            "max": 0.2568538535351047,
            "count": 153
        },
        "RocketBehaviour.Policy.LearningRate.mean": {
            "value": 0.00019904644865119495,
            "min": 0.00019904644865119495,
            "max": 0.00024460537846488005,
            "count": 153
        },
        "RocketBehaviour.Policy.LearningRate.sum": {
            "value": 0.0007961857946047798,
            "min": 0.0007961857946047798,
            "max": 0.00122031567322814,
            "count": 153
        },
        "RocketBehaviour.Policy.Epsilon.mean": {
            "value": 0.23269761000000003,
            "min": 0.23269761000000003,
            "max": 0.2630702399999999,
            "count": 153
        },
        "RocketBehaviour.Policy.Epsilon.sum": {
            "value": 0.9307904400000001,
            "min": 0.9307904400000001,
            "max": 1.31354372,
            "count": 153
        },
        "RocketBehaviour.Policy.Beta.mean": {
            "value": 0.0003351091445,
            "min": 0.0003351091445,
            "max": 0.0004095220879999999,
            "count": 153
        },
        "RocketBehaviour.Policy.Beta.sum": {
            "value": 0.001340436578,
            "min": 0.001340436578,
            "max": 0.002043182114,
            "count": 153
        },
        "RocketBehaviour.Environment.EpisodeLength.mean": {
            "value": 351.46153846153845,
            "min": 223.0,
            "max": 597.0,
            "count": 153
        },
        "RocketBehaviour.Environment.EpisodeLength.sum": {
            "value": 4569.0,
            "min": 446.0,
            "max": 8132.0,
            "count": 153
        },
        "RocketBehaviour.Environment.CumulativeReward.mean": {
            "value": -0.8913479832789073,
            "min": -1.1710242107510567,
            "max": 0.579437252303416,
            "count": 153
        },
        "RocketBehaviour.Environment.CumulativeReward.sum": {
            "value": -11.587523782625794,
            "min": -17.136366732418537,
            "max": 6.373809775337577,
            "count": 153
        },
        "RocketBehaviour.Policy.ExtrinsicReward.mean": {
            "value": -0.8913479832789073,
            "min": -1.1710242107510567,
            "max": 0.579437252303416,
            "count": 153
        },
        "RocketBehaviour.Policy.ExtrinsicReward.sum": {
            "value": -11.587523782625794,
            "min": -17.136366732418537,
            "max": 6.373809775337577,
            "count": 153
        },
        "RocketBehaviour.IsTraining.mean": {
            "value": 1.0,
            "min": 1.0,
            "max": 1.0,
            "count": 153
        },
        "RocketBehaviour.IsTraining.sum": {
            "value": 1.0,
            "min": 1.0,
            "max": 1.0,
            "count": 153
        }
    },
    "metadata": {
        "timer_format_version": "0.1.0",
        "start_time_seconds": "1614725533",
        "python_version": "3.7.9 (default, Feb 22 2021, 11:01:55) \n[Clang 12.0.0 (clang-1200.0.32.29)]",
        "command_line_arguments": "/Users/andy/Projects/Uni/PEM-KI/pem-ki/venv/bin/mlagents-learn Assets/Config/rocket_001.yaml --run-id=man-on-the-moon_V5_overnight --resume",
        "mlagents_version": "0.24.0",
        "mlagents_envs_version": "0.24.0",
        "communication_protocol_version": "1.4.0",
        "pytorch_version": "1.7.0",
        "numpy_version": "1.20.1",
        "end_time_seconds": "1614726319"
    },
    "total": 785.49082187,
    "count": 1,
    "self": 0.004774259999976493,
    "children": {
        "run_training.setup": {
            "total": 0.05293029799999993,
            "count": 1,
            "self": 0.05293029799999993
        },
        "TrainerController.start_learning": {
            "total": 785.433117312,
            "count": 1,
            "self": 1.162982160008596,
            "children": {
                "TrainerController._reset_env": {
                    "total": 8.06639153,
                    "count": 1,
                    "self": 8.06639153
                },
                "TrainerController.advance": {
                    "total": 776.1248239569913,
                    "count": 49355,
                    "self": 0.6331029759917328,
                    "children": {
                        "env_step": {
                            "total": 775.4917209809996,
                            "count": 49355,
                            "self": 664.4169367479815,
                            "children": {
                                "SubprocessEnvManager._take_step": {
                                    "total": 110.50954907201307,
                                    "count": 49355,
                                    "self": 2.918812139005695,
                                    "children": {
                                        "TorchPolicy.evaluate": {
                                            "total": 107.59073693300738,
                                            "count": 47996,
                                            "self": 13.707696476023983,
                                            "children": {
                                                "TorchPolicy.sample_actions": {
                                                    "total": 93.8830404569834,
                                                    "count": 47996,
                                                    "self": 93.8830404569834
                                                }
                                            }
                                        }
                                    }
                                },
                                "workers": {
                                    "total": 0.5652351610050665,
                                    "count": 49354,
                                    "self": 0.0,
                                    "children": {
                                        "worker_root": {
                                            "total": 783.9580816819881,
                                            "count": 49354,
                                            "is_parallel": true,
                                            "self": 209.19245970499537,