{
    "name": "root",
    "gauges": {
        "RocketBehaviour.Policy.Entropy.mean": {
            "value": 1.0352754592895508,
            "min": 1.028841495513916,
            "max": 1.4177912473678589,
            "count": 165
        },
        "RocketBehaviour.Policy.Entropy.sum": {
            "value": 5250.9169921875,
            "min": 4530.2373046875,
            "max": 7962.31591796875,
            "count": 165
        },
        "RocketBehaviour.Policy.ExtrinsicValueEstimate.mean": {
            "value": -0.12100579589605331,
            "min": -0.6900313496589661,
            "max": 0.23036840558052063,
            "count": 165
        },
        "RocketBehaviour.Policy.ExtrinsicValueEstimate.sum": {
            "value": -10.04348087310791,
            "min": -77.97354125976562,
            "max": 19.581314086914062,
            "count": 165
        },
        "RocketBehaviour.Environment.EpisodeLength.mean": {
            "value": 475.6666666666667,
            "min": 75.53968253968254,
            "max": 571.4444444444445,
            "count": 165
        },
        "RocketBehaviour.Environment.EpisodeLength.sum": {
            "value": 4281.0,
            "min": 2190.0,
            "max": 8023.0,
            "count": 165
        },
        "RocketBehaviour.Losses.PolicyLoss.mean": {
            "value": 0.07147260090103373,
            "min": 0.06162129599468409,
            "max": 0.09023328113653627,
            "count": 165
        },
        "RocketBehaviour.Losses.PolicyLoss.sum": {
            "value": 0.35736300450516867,
            "min": 0.24648518397873637,
            "max": 0.45116640568268135,
            "count": 165
        },
        "RocketBehaviour.Losses.ValueLoss.mean": {
            "value": 0.00470255003834609,
            "min": 0.0015902922189949703,
            "max": 0.06818210606618473,
            "count": 165
        },
        "RocketBehaviour.Losses.ValueLoss.sum": {
            "value": 0.02351275019173045,
            "min": 0.007809859482222237,
            "max": 0.34091053033092367,
            "count": 165
        },
        "RocketBehaviour.Policy.LearningRate.mean": {
            "value": 0.00025066793244402796,
            "min": 0.00025066793244402796,
            "max": 0.00029984539505153497,
            "count": 165
        },
        "RocketBehaviour.Policy.LearningRate.sum": {
            "value": 0.0012533396622201399,
            "min": 0.0010037857854047598,
            "max": 0.0014978378407207202,
            "count": 165
        },
        "RocketBehaviour.Policy.Epsilon.mean": {
            "value": 0.267111944,
            "min": 0.267111944,
            "max": 0.29989692999999995,
            "count": 165
        },
        "RocketBehaviour.Policy.Epsilon.sum": {
            "value": 1.33555972,
            "min": 1.0691904799999998,
            "max": 1.4985585599999998,
            "count": 165
        },
        "RocketBehaviour.Policy.Beta.mean": {
            "value": 0.0004194242628,
            "min": 0.0004194242628,
            "max": 0.0004997474785,
            "count": 165
        },
        "RocketBehaviour.Policy.Beta.sum": {
            "value": 0.002097121314,
            "min": 0.001679516676,
            "max": 0.002496468472,
            "count": 165
        },
        "RocketBehaviour.Environment.CumulativeReward.mean": {
            "value": -0.7502111352773176,
            "min": -1.3888530522260978,
            "max": 1.032752855028957,
            "count": 165
        },
        "RocketBehaviour.Environment.CumulativeReward.sum": {
            "value": -6.751900217495859,
            "min": -57.70836745202541,
            "max": 10.327528550289571,
            "count": 165
        },
        "RocketBehaviour.Policy.ExtrinsicReward.mean": {
            "value": -0.7502111352773176,
            "min": -1.3888530522260978,
            "max": 1.032752855028957,
            "count": 165
        },
        "RocketBehaviour.Policy.ExtrinsicReward.sum": {
            "value": -6.751900217495859,
            "min": -57.70836745202541,
            "max": 10.327528550289571,
            "count": 165
        },
        "RocketBehaviour.IsTraining.mean": {
            "value": 1.0,
            "min": 1.0,
            "max": 1.0,
            "count": 165
        },
        "RocketBehaviour.IsTraining.sum": {
            "value": 1.0,
            "min": 1.0,
            "max": 1.0,
            "count": 165
        }
    },
    "metadata": {
        "timer_format_version": "0.1.0",
        "start_time_seconds": "1614711585",
        "python_version": "3.7.9 (default, Feb 22 2021, 11:01:55) \n[Clang 12.0.0 (clang-1200.0.32.29)]",
        "command_line_arguments": "/Users/andy/Projects/Uni/PEM-KI/pem-ki/venv/bin/mlagents-learn Assets/Config/rocket_001.yaml --run-id=man-on-the-moon_V4 --force",
        "mlagents_version": "0.24.0",
        "mlagents_envs_version": "0.24.0",
        "communication_protocol_version": "1.4.0",
        "pytorch_version": "1.7.0",
        "numpy_version": "1.20.1",
        "end_time_seconds": "1614712519"
    },
    "total": 934.1840543359999,
    "count": 1,
    "self": 10.005900079999833,
    "children": {
        "run_training.setup": {
            "total": 0.057540526000000036,
            "count": 1,
            "self": 0.057540526000000036
        },
        "TrainerController.start_learning": {
            "total": 924.1206137300001,
            "count": 1,
            "self": 1.5023677750045863,
            "children": {
                "TrainerController._reset_env": {
                    "total": 10.584743509,
                    "count": 1,
                    "self": 10.584743509
                },
                "TrainerController.advance": {
                    "total": 911.9540025889956,
                    "count": 53905,
                    "self": 0.771646061998922,
                    "children": {
                        "env_step": {
                            "total": 911.1823565269967,
                            "count": 53905,
                            "self": 772.6725875149889,
                            "children": {
                                "SubprocessEnvManager._take_step": {
                                    "total": 137.83458289900753,
                                    "count": 53905,
                                    "self": 3.4830203550048395,
                                    "children": {
                                        "TorchPolicy.evaluate": {
                                            "total": 134.3515625440027,
                                            "count": 51884,
                                            "self": 16.031613710000343,
                                            "children": {
                                                "TorchPolicy.sample_actions": {
                                                    "total": 118.31994883400235,
                                                    "count": 51884,
                                                    "self": 118.31994883400235
                                                }
                                            }
                                        }
                                    }
                                },
                                "workers": {
                                    "total": 0.675186113000267,
                                    "count": 53904,
                                    "self": 0.0,
                                    "children": {
                                        "worker_root": {
                                            "total": 922.2779610020051,
                                            "count": 53904,
                                            "is_parallel": true,
                                            "self": 252.13581734899446,