{
    "name": "root",
    "gauges": {
        "RocketBehaviour.Policy.Entropy.mean": {
            "value": 1.2153664827346802,
            "min": 1.2125811576843262,
            "max": 1.4200416803359985,
            "count": 66
        },
        "RocketBehaviour.Policy.Entropy.sum": {
            "value": 6113.29345703125,
            "min": 6028.74609375,
            "max": 7189.6708984375,
            "count": 66
        },
        "RocketBehaviour.Policy.ExtrinsicValueEstimate.mean": {
            "value": -0.0757361575961113,
            "min": -0.5630307197570801,
            "max": 0.2157033234834671,
            "count": 66
        },
        "RocketBehaviour.Policy.ExtrinsicValueEstimate.sum": {
            "value": -6.589046001434326,
            "min": -53.62566375732422,
            "max": 19.197595596313477,
            "count": 66
        },
        "RocketBehaviour.Environment.EpisodeLength.mean": {
            "value": 305.9375,
            "min": 87.56363636363636,
            "max": 555.1111111111111,
            "count": 66
        },
        "RocketBehaviour.Environment.EpisodeLength.sum": {
            "value": 4895.0,
            "min": 4542.0,
            "max": 5491.0,
            "count": 66
        },
        "RocketBehaviour.Environment.CumulativeReward.mean": {
            "value": -0.8178019301746698,
            "min": -2.100481614900323,
            "max": 0.5622681338340044,
            "count": 66
        },
        "RocketBehaviour.Environment.CumulativeReward.sum": {
            "value": -13.902632812969387,
            "min": -53.375584196299314,
            "max": 8.434022007510066,
            "count": 66
        },
        "RocketBehaviour.Policy.ExtrinsicReward.mean": {
            "value": -0.8178019301746698,
            "min": -2.100481614900323,
            "max": 0.5622681338340044,
            "count": 66
        },
        "RocketBehaviour.Policy.ExtrinsicReward.sum": {
            "value": -13.902632812969387,
            "min": -53.375584196299314,
            "max": 8.434022007510066,
            "count": 66
        },
        "RocketBehaviour.Losses.PolicyLoss.mean": {
            "value": 0.06929958446902068,
            "min": 0.06523416521532151,
            "max": 0.0883619288220992,
            "count": 66
        },
        "RocketBehaviour.Losses.PolicyLoss.sum": {
            "value": 0.2771983378760827,
            "min": 0.2698464731957453,
            "max": 0.441809644110496,
            "count": 66
        },
        "RocketBehaviour.Losses.ValueLoss.mean": {
            "value": 0.013758086347176382,
            "min": 0.002325695340987295,
            "max": 0.030729483178583906,
            "count": 66
        },
        "RocketBehaviour.Losses.ValueLoss.sum": {
            "value": 0.05503234538870553,
            "min": 0.011628476704936474,
            "max": 0.12291793271433563,
            "count": 66
        },
        "RocketBehaviour.Policy.LearningRate.mean": {
            "value": 0.000280349481550175,
            "min": 0.000280349481550175,
            "max": 0.00029984539505153497,
            "count": 66
        },
        "RocketBehaviour.Policy.LearningRate.sum": {
            "value": 0.0011213979262007,
            "min": 0.0011213979262007,
            "max": 0.00149783106072298,
            "count": 66
        },
        "RocketBehaviour.Policy.Epsilon.mean": {
            "value": 0.28689964999999995,
            "min": 0.28689964999999995,
            "max": 0.29989692999999995,
            "count": 66
        },
        "RocketBehaviour.Policy.Epsilon.sum": {
            "value": 1.1475985999999998,
            "min": 1.1475985999999998,
            "max": 1.4985540399999997,
            "count": 66
        },
        "RocketBehaviour.Policy.Beta.mean": {
            "value": 0.00046790414249999997,
            "min": 0.00046790414249999997,
            "max": 0.0004997474785000001,
            "count": 66
        },
        "RocketBehaviour.Policy.Beta.sum": {
            "value": 0.0018716165699999999,
            "min": 0.0018716165699999999,
            "max": 0.0024964573980000007,
            "count": 66
        },
        "RocketBehaviour.IsTraining.mean": {
            "value": 1.0,
            "min": 1.0,
            "max": 1.0,
            "count": 66
        },
        "RocketBehaviour.IsTraining.sum": {
            "value": 1.0,
            "min": 1.0,
            "max": 1.0,
            "count": 66
        }
    },
    "metadata": {
        "timer_format_version": "0.1.0",
        "start_time_seconds": "1614700330",
        "python_version": "3.7.9 (default, Feb 22 2021, 11:01:55) \n[Clang 12.0.0 (clang-1200.0.32.29)]",
        "command_line_arguments": "/Users/andy/Projects/Uni/PEM-KI/pem-ki/venv/bin/mlagents-learn Assets/Config/rocket_001.yaml --run-id=man-on-the-moon_V1 --force",
        "mlagents_version": "0.24.0",
        "mlagents_envs_version": "0.24.0",
        "communication_protocol_version": "1.4.0",
        "pytorch_version": "1.7.0",
        "numpy_version": "1.20.1",
        "end_time_seconds": "1614702919"
    },
    "total": 2589.579221928,
    "count": 1,
    "self": 0.006154454000352416,
    "children": {
        "run_training.setup": {
            "total": 0.07164040400000005,
            "count": 1,
            "self": 0.07164040400000005
        },
        "TrainerController.start_learning": {
            "total": 2589.50142707,
            "count": 1,
            "self": 8.586775413999021,
            "children": {
                "TrainerController._reset_env": {
                    "total": 7.537618986999999,
                    "count": 1,
                    "self": 7.537618986999999
                },
                "TrainerController.advance": {
                    "total": 2573.216572516001,
                    "count": 333497,
                    "self": 4.677990584062627,
                    "children": {
                        "env_step": {
                            "total": 2568.5385819319386,
                            "count": 333497,
                            "self": 2123.0862133461146,
                            "children": {
                                "SubprocessEnvManager._take_step": {
                                    "total": 441.2835668768962,
                                    "count": 333497,
                                    "self": 19.803174424926283,
                                    "children": {
                                        "TorchPolicy.evaluate": {
                                            "total": 421.4803924519699,
                                            "count": 332593,
                                            "self": 80.03001928701656,
                                            "children": {
                                                "TorchPolicy.sample_actions": {
                                                    "total": 341.45037316495336,
                                                    "count": 332593,
                                                    "self": 341.45037316495336
                                                }
                                            }
                                        }
                                    }
                                },
                                "workers": {
                                    "total": 4.168801708927791,
                                    "count": 333496,
                                    "self": 0.0,
                                    "children": {
                                        "worker_root": {
                                            "total": 2579.0727620570433,
                                            "count": 333496,
                                            "is_parallel": true,
                                            "self": 750.1806684662117,