{
    "name": "root",
    "gauges": {
        "RocketBehaviour.Policy.Entropy.mean": {
            "value": -0.029733572155237198,
            "min": -0.029733572155237198,
            "max": 0.5871170163154602,
            "count": 327
        },
        "RocketBehaviour.Policy.Entropy.sum": {
            "value": -147.00277709960938,
            "min": -147.00277709960938,
            "max": 3103.8818359375,
            "count": 327
        },
        "RocketBehaviour.Environment.EpisodeLength.mean": {
            "value": 265.42105263157896,
            "min": 148.35714285714286,
            "max": 314.88235294117646,
            "count": 327
        },
        "RocketBehaviour.Environment.EpisodeLength.sum": {
            "value": 5043.0,
            "min": 2860.0,
            "max": 6894.0,
            "count": 327
        },
        "RocketBehaviour.Policy.ExtrinsicValueEstimate.mean": {
            "value": -0.16400538384914398,
            "min": -0.42243966460227966,
            "max": 0.17443513870239258,
            "count": 327
        },
        "RocketBehaviour.Policy.ExtrinsicValueEstimate.sum": {
            "value": -14.104462623596191,
            "min": -38.019569396972656,
            "max": 15.175856590270996,
            "count": 327
        },
        "RocketBehaviour.Environment.CumulativeReward.mean": {
            "value": -0.936704274525659,
            "min": -1.300437689687197,
            "max": 0.8159388509917666,
            "count": 327
        },
        "RocketBehaviour.Environment.CumulativeReward.sum": {
            "value": -16.86067694146186,
            "min": -33.81137993186712,
            "max": 17.950654721818864,
            "count": 327
        },
        "RocketBehaviour.Policy.ExtrinsicReward.mean": {
            "value": -0.936704274525659,
            "min": -1.300437689687197,
            "max": 0.8159388509917666,
            "count": 327
        },
        "RocketBehaviour.Policy.ExtrinsicReward.sum": {
            "value": -16.86067694146186,
            "min": -33.81137993186712,
            "max": 17.950654721818864,
            "count": 327
        },
        "RocketBehaviour.Losses.PolicyLoss.mean": {
            "value": 0.07778471626729394,
            "min": 0.061012020943259505,
            "max": 0.09075690569387833,
            "count": 327
        },
        "RocketBehaviour.Losses.PolicyLoss.sum": {
            "value": 0.3889235813364697,
            "min": 0.2655457541317446,
            "max": 0.45378452846939166,
            "count": 327
        },
        "RocketBehaviour.Losses.ValueLoss.mean": {
            "value": 0.07397699259221555,
            "min": 0.007150314846076071,
            "max": 0.1303370769389651,
            "count": 327
        },
        "RocketBehaviour.Losses.ValueLoss.sum": {
            "value": 0.3698849629610777,
            "min": 0.035751574230380355,
            "max": 0.6516853846948255,
            "count": 327
        },
        "RocketBehaviour.Policy.LearningRate.mean": {
            "value": 0.00010813356395549998,
            "min": 0.00010813356395549998,
            "max": 0.00020592330135891,
            "count": 327
        },
        "RocketBehaviour.Policy.LearningRate.sum": {
            "value": 0.0005406678197774999,
            "min": 0.0004386222137926799,
            "max": 0.0010282042572653,
            "count": 327
        },
        "RocketBehaviour.Policy.Epsilon.mean": {
            "value": 0.17208900000000002,
            "min": 0.17208900000000002,
            "max": 0.23728218,
            "count": 327
        },
        "RocketBehaviour.Policy.Epsilon.sum": {
            "value": 0.8604450000000001,
            "min": 0.69241464,
            "max": 1.1854694,
            "count": 327
        },
        "RocketBehaviour.Policy.Beta.mean": {
            "value": 0.00018661805,
            "min": 0.00018661805,
            "max": 0.00034634134100000006,
            "count": 327
        },
        "RocketBehaviour.Policy.Beta.sum": {
            "value": 0.00093309025,
            "min": 0.0007564158679999999,
            "max": 0.00172940003,
            "count": 327
        },
        "RocketBehaviour.IsTraining.mean": {
            "value": 1.0,
            "min": 1.0,
            "max": 1.0,
            "count": 327
        },
        "RocketBehaviour.IsTraining.sum": {
            "value": 1.0,
            "min": 1.0,
            "max": 1.0,
            "count": 327
        }
    },
    "metadata": {
        "timer_format_version": "0.1.0",
        "start_time_seconds": "1614707969",
        "python_version": "3.7.9 (default, Feb 22 2021, 11:01:55) \n[Clang 12.0.0 (clang-1200.0.32.29)]",
        "command_line_arguments": "/Users/andy/Projects/Uni/PEM-KI/pem-ki/venv/bin/mlagents-learn Assets/Config/rocket_001.yaml --run-id=man-on-the-moon_V2 --resume",
        "mlagents_version": "0.24.0",
        "mlagents_envs_version": "0.24.0",
        "communication_protocol_version": "1.4.0",
        "pytorch_version": "1.7.0",
        "numpy_version": "1.20.1",
        "end_time_seconds": "1614709790"
    },
    "total": 1820.681877801,
    "count": 1,
    "self": 0.006800802999805455,
    "children": {
        "run_training.setup": {
            "total": 0.07017756600000014,
            "count": 1,
            "self": 0.07017756600000014
        },
        "TrainerController.start_learning": {
            "total": 1820.6048994320001,
            "count": 1,
            "self": 2.971132185014312,
            "children": {
                "TrainerController._reset_env": {
                    "total": 32.998171075,
                    "count": 1,
                    "self": 32.998171075
                },
                "TrainerController.advance": {
                    "total": 1784.5402560929856,
                    "count": 108473,
                    "self": 1.6767569519681729,
                    "children": {
                        "env_step": {
                            "total": 1782.8634991410174,
                            "count": 108473,
                            "self": 1511.9181300720415,
                            "children": {
                                "SubprocessEnvManager._take_step": {
                                    "total": 269.4734288269972,
                                    "count": 108473,
                                    "self": 7.458217650000279,
                                    "children": {
                                        "TorchPolicy.evaluate": {
                                            "total": 262.0152111769969,
                                            "count": 102201,
                                            "self": 37.32075567898468,
                                            "children": {
                                                "TorchPolicy.sample_actions": {
                                                    "total": 224.69445549801222,
                                                    "count": 102201,
                                                    "self": 224.69445549801222
                                                }
                                            }
                                        }
                                    }
                                },
                                "workers": {
                                    "total": 1.4719402419787997,
                                    "count": 108472,
                                    "self": 0.0,
                                    "children": {
                                        "worker_root": {
                                            "total": 1815.690715544999,
                                            "count": 108472,
                                            "is_parallel": true,
                                            "self": 511.0469415470154,