{
    "name": "root",
    "gauges": {
        "RocketBehaviour.Policy.Entropy.mean": {
            "value": 4.4017252922058105,
            "min": 0.8159474730491638,
            "max": 5.057673931121826,
            "count": 6100
        },
        "RocketBehaviour.Policy.Entropy.sum": {
            "value": 13662.955078125,
            "min": 1727.2393798828125,
            "max": 45658.2109375,
            "count": 6100
        },
        "RocketBehaviour.Environment.EpisodeLength.mean": {
            "value": 231.5625,
            "min": 30.166666666666668,
            "max": 441.25,
            "count": 6100
        },
        "RocketBehaviour.Environment.EpisodeLength.sum": {
            "value": 3705.0,
            "min": 793.0,
            "max": 9668.0,
            "count": 6100
        },
        "RocketBehaviour.Policy.ExtrinsicValueEstimate.mean": {
            "value": -0.0944100096821785,
            "min": -0.28941452503204346,
            "max": 0.2040620893239975,
            "count": 6100
        },
        "RocketBehaviour.Policy.ExtrinsicValueEstimate.sum": {
            "value": -2.549070358276367,
            "min": -45.14866638183594,
            "max": 6.121862888336182,
            "count": 6100
        },
        "RocketBehaviour.Environment.CumulativeReward.mean": {
            "value": -1.1278512651721637,
            "min": -7.30688152462244,
            "max": 0.42189464867115023,
            "count": 6100
        },
        "RocketBehaviour.Environment.CumulativeReward.sum": {
            "value": -27.068430364131927,
            "min": -172.74882024526596,
            "max": 11.579171165823936,
            "count": 6100
        },
        "RocketBehaviour.Policy.ExtrinsicReward.mean": {
            "value": -1.1278512651721637,
            "min": -7.30688152462244,
            "max": 0.42189464867115023,
            "count": 6100
        },
        "RocketBehaviour.Policy.ExtrinsicReward.sum": {
            "value": -27.068430364131927,
            "min": -172.74882024526596,
            "max": 11.579171165823936,
            "count": 6100
        },
        "RocketBehaviour.Losses.PolicyLoss.mean": {
            "value": 0.08133894639710586,
            "min": 0.052041190693576246,
            "max": 0.4637243192651269,
            "count": 6099
        },
        "RocketBehaviour.Losses.PolicyLoss.sum": {
            "value": 0.08133894639710586,
            "min": 0.052041190693576246,
            "max": 1.8548972770605077,
            "count": 6099
        },
        "RocketBehaviour.Losses.ValueLoss.mean": {
            "value": 0.004360914563921352,
            "min": 0.00014707107902722782,
            "max": 0.13351440757373115,
            "count": 6099
        },
        "RocketBehaviour.Losses.ValueLoss.sum": {
            "value": 0.004360914563921352,
            "min": 0.0005882843161089113,
            "max": 0.5340576302949246,
            "count": 6099
        },
        "RocketBehaviour.Policy.LearningRate.mean": {
            "value": 7.127787124073495e-05,
            "min": 7.127787124073495e-05,
            "max": 0.0002999804831315056,
            "count": 6099
        },
        "RocketBehaviour.Policy.LearningRate.sum": {
            "value": 7.127787124073495e-05,
            "min": 7.127787124073495e-05,
            "max": 0.0014997261975912674,
            "count": 6099
        },
        "RocketBehaviour.Policy.Epsilon.mean": {
            "value": 0.1475185299999999,
            "min": 0.1475185299999999,
            "max": 0.29998698874999996,
            "count": 6099
        },
        "RocketBehaviour.Policy.Epsilon.sum": {
            "value": 0.1475185299999999,
            "min": 0.1475185299999999,
            "max": 1.499817465,
            "count": 6099
        },
        "RocketBehaviour.Policy.Beta.mean": {
            "value": 0.00012642039850000003,
            "min": 0.00012642039850000003,
            "max": 0.0004999681224375,
            "count": 6099
        },
        "RocketBehaviour.Policy.Beta.sum": {
            "value": 0.00012642039850000003,
            "min": 0.00012642039850000003,
            "max": 0.00249955278925,
            "count": 6099
        },
        "RocketBehaviour.IsTraining.mean": {
            "value": 1.0,
            "min": 1.0,
            "max": 1.0,
            "count": 6100
        },
        "RocketBehaviour.IsTraining.sum": {
            "value": 1.0,
            "min": 1.0,
            "max": 1.0,
            "count": 6100
        }
    },
    "metadata": {
        "timer_format_version": "0.1.0",
        "start_time_seconds": "1614726376",
        "python_version": "3.7.9 (default, Feb 22 2021, 11:01:55) \n[Clang 12.0.0 (clang-1200.0.32.29)]",
        "command_line_arguments": "/Users/andy/Projects/Uni/PEM-KI/pem-ki/venv/bin/mlagents-learn Assets/Config/rocket_002.yaml --run-id=man-on-the-moon_V5_overnight_higher_time_horizon",
        "mlagents_version": "0.24.0",
        "mlagents_envs_version": "0.24.0",
        "communication_protocol_version": "1.4.0",
        "pytorch_version": "1.7.0",
        "numpy_version": "1.20.1",
        "end_time_seconds": "1614762507"
    },
    "total": 36130.930467303995,
    "count": 1,
    "self": 0.0051357059928704984,
    "children": {
        "run_training.setup": {
            "total": 0.05218898399999994,
            "count": 1,
            "self": 0.05218898399999994
        },
        "TrainerController.start_learning": {
            "total": 36130.873142614,
            "count": 1,
            "self": 52.00957956780621,
            "children": {
                "TrainerController._reset_env": {
                    "total": 38.102701792000005,
                    "count": 1,
                    "self": 38.102701792000005
                },
                "TrainerController.advance": {
                    "total": 36040.67147042319,
                    "count": 2077182,
                    "self": 28.268123730944353,
                    "children": {
                        "env_step": {
                            "total": 36012.40334669225,
                            "count": 2077182,
                            "self": 31590.86228788306,
                            "children": {
                                "SubprocessEnvManager._take_step": {
                                    "total": 4396.412211855992,
                                    "count": 2077182,
                                    "self": 119.7310419798414,
                                    "children": {
                                        "TorchPolicy.evaluate": {
                                            "total": 4276.68116987615,
                                            "count": 1906717,
                                            "self": 387.9681016625,
                                            "children": {
                                                "TorchPolicy.sample_actions": {
                                                    "total": 3888.7130682136503,
                                                    "count": 1906717,
                                                    "self": 3888.7130682136503
                                                }
                                            }
                                        }
                                    }
                                },
                                "workers": {
                                    "total": 25.128846953195364,
                                    "count": 2077181,
                                    "self": 0.0,
                                    "children": {
                                        "worker_root": {
                                            "total": 36068.94467191581,
                                            "count": 2077181,
                                            "is_parallel": true,
                                            "self": 9604.427814157407,