{
    "name": "root",
    "metadata": {
        "timer_format_version": "0.1.0",
        "start_time_seconds": "1614352961",
        "python_version": "3.8.5 (default, Sep  4 2020, 07:30:14) \n[GCC 7.3.0]",
        "command_line_arguments": "/home/david/Code/Uni/pem-ki/venv/bin/mlagents-learn ./rocket_001.yaml --run-id=rocket_v1 --force",
        "mlagents_version": "0.24.0",
        "mlagents_envs_version": "0.24.0",
        "communication_protocol_version": "1.4.0",
        "pytorch_version": "1.7.1+cpu",
        "numpy_version": "1.20.1",
        "end_time_seconds": "1614352997"
    },
    "total": 36.04311895900173,
    "count": 1,
    "self": 0.017003585991915315,
    "children": {
        "run_training.setup": {
            "total": 0.030242530003306456,
            "count": 1,
            "self": 0.030242530003306456
        },
        "TrainerController.start_learning": {
            "total": 35.99587284300651,
            "count": 1,
            "self": 0.029428793728584424,
            "children": {
                "TrainerController._reset_env": {
                    "total": 15.134989721991587,
                    "count": 1,
                    "self": 15.134989721991587
                },
                "TrainerController.advance": {
                    "total": 20.703380976279732,
                    "count": 793,
                    "self": 0.016566355363465846,
                    "children": {
                        "env_step": {
                            "total": 20.686814620916266,
                            "count": 793,
                            "self": 17.842877505681827,
                            "children": {
                                "SubprocessEnvManager._take_step": {
                                    "total": 2.830243105068803,
                                    "count": 793,
                                    "self": 0.0884925412829034,
                                    "children": {
                                        "TorchPolicy.evaluate": {
                                            "total": 2.7417505637858994,
                                            "count": 793,
                                            "self": 0.38439634889073204,
                                            "children": {
                                                "TorchPolicy.sample_actions": {
                                                    "total": 2.3573542148951674,
                                                    "count": 793,
                                                    "self": 2.3573542148951674
                                                }
                                            }
                                        }
                                    }
                                },
                                "workers": {
                                    "total": 0.013694010165636428,
                                    "count": 792,
                                    "self": 0.0,
                                    "children": {
                                        "worker_root": {
                                            "total": 35.844676167180296,
                                            "count": 792,
                                            "is_parallel": true,
                                            "self": 19.707927603987628,
                                            "children": {
                                                "run_training.setup": {
                                                    "total": 0.0,
                                                    "count": 0,
                                                    "is_parallel": true,
                                                    "self": 0.0,
                                                    "children": {
                                                        "steps_from_proto": {
                                                            "total": 0.0005221769970376045,
                                                            "count": 1,
                                                            "is_parallel": true,
                                                            "self": 0.00017018799553625286,
                                                            "children": {
                                                                "_process_vector_observation": {
                                                                    "total": 0.0003519890015013516,
                                                                    "count": 2,
                                                                    "is_parallel": true,
                                                                    "self": 0.0003519890015013516
                                                                }
                                                            }
                                                        },
                                                        "UnityEnvironment.step": {
                                                            "total": 0.15456786399590783,
                                                            "count": 1,
                                                            "is_parallel": true,
                                                            "self": 9.985199721995741e-05,
                                                            "children": {
                                                                "UnityEnvironment._generate_step_input": {
                                                                    "total": 0.00010975099576171488,
                                                                    "count": 1,
                                                                    "is_parallel": true,
                                                                    "self": 0.00010975099576171488
                                                                },
                                                                "communicator.exchange": {
                                                                    "total": 0.15405838200240396,
                                                                    "count": 1,
                                                                    "is_parallel": true,
                                                                    "self": 0.15405838200240396
                                                                },
                                                                "steps_from_proto": {
                                                                    "total": 0.0002998790005221963,
                                                                    "count": 1,
                                                                    "is_parallel": true,
                                                                    "self": 0.00015565200010314584,
                                                                    "children": {
                                                                        "_process_vector_observation": {
                                                                            "total": 0.00014422700041905046,
                                                                            "count": 2,
                                                                            "is_parallel": true,